Group	File_0_Feature	File_0_m/z	File_1_Feature	File_1_m/z	File_2_Feature	File_2_m/z	File_3_Feature	File_3_m/z	File_4_Feature	File_4_m/z
0			1283	399.3093	2436	399.3091	1080	399.3086		
1			74	344.2291	277	344.2285	74	344.2287	68	344.2283
2			1290	351.3301	2452	351.3299	1076	351.3295		
3			1757	836.2390	3637	836.2388	1456	836.2384		
4			676	952.4997	1316	952.4968	624	952.4933		
5			1354	672.5258	2571	672.5272	1131	672.5265		
6	4	355.0698	11	355.0719			12	355.0697	7	355.0704
7			688	847.4290	1285	847.4291	622	847.4300		
8			1214	514.4225	2357	514.4223	1007	514.4212		
9			245	766.4891	715	766.4845	273	766.4884		
10			759	726.3673	1471	726.3667	662	726.3649		
11			1600	564.4299	3245	564.4290	1344	564.4289	959	564.4282
12	25	219.0174	29	219.0178			35	219.0181	34	219.0177
13			1077	163.0756	2157	163.0759	917	163.0754	427	163.0755
14			366	954.4412	833	954.4430	339	954.4352		
15			1188	404.2372	2338	404.2364	989	404.2367		
16			951	499.2810	1905	499.2816	832	499.2812		
17			1292	391.3535	2445	391.3542	1064	391.3527		
18			1370	541.4511	2513	541.4515	1136	541.4511		
19			543	880.4425	1014	880.4414	510	880.4390		
20			743	820.4181	1425	820.4167	654	820.4192		
21	3	71.9515	1	71.9514	17	71.9515	16	71.9516	5	71.9516
22	50	744.5632	1345	744.5626	2538	744.5611	1111	744.5633	776	744.5613
23			1255	336.3256	2404	336.3261	1040	336.3252		
24			626	665.2987	1159	665.3026	586	665.3013		
25			873	347.2502	1790	347.2528	772	347.2521		
26	214	924.2711	1633	924.2704	3355	924.2718	1378	924.2720		
27			196	433.2817	510	433.2830	152	433.2820	76	433.2844
28	121	704.2156	1480	704.2136	2934	704.2151	1213	704.2143		
29			1737	758.2205	3588	758.2219	1443	758.2204	1016	758.2238
30			1630	596.4878	3350	596.4899	1375	596.4887		
31			1275	439.3825	2439	439.3825	1071	439.3832		
32			63	300.2018	157	300.2018	65	300.2016	66	300.2024
33			785	190.1233	1554	190.1223	683	190.1224		
34			737	864.4431	1446	864.4474	663	864.4440		
35			716	674.3601	1349	674.3637	631	674.3591		
36	27	256.9645	34	256.9646	29	256.9626	41	256.9643	35	256.9647
37			456	600.2902	994	600.2816	539	600.2876		
38			1271	484.4123	2431	484.4146	1054	484.4102		
39			1039	448.2960	2109	448.2977	896	448.2968		
40			710	760.3951	1255	760.4013	613	760.4020		
41			713	205.1336	1319	205.1331	628	205.1335		
42	78	651.5683	1398	651.5692			1148	651.5670		
43			1423	349.3318			1177	349.3318	812	349.3319
44			1579	314.2838	3192	314.2844	1317	314.2853		
45			1452	167.0339	2872	167.0351			852	167.0349
46	37	389.1127	1087	389.1131	2188	389.1132				
47	224	610.1853	1657	610.1848	3417	610.1850			1004	610.1845
48			573	793.3903	1071	793.3915	526	793.3906		
49			504	636.4171	929	636.4177	468	636.4170		
50			875	288.1957	1786	288.1962	769	288.1959		
51			1005	374.1966	2017	374.1969	875	374.1965		
52			749	631.3259	1401	631.3219	661	631.3257		
53			1465	449.3381	2890	449.3383	1187	449.3374	839	449.3373
54	87	629.1978	1418	629.1955	2771	629.1968	1167	629.1981	806	629.1972
55			1112	317.1159	2217	317.1152	940	317.1151	634	317.1166
56			936	303.2266	1875	303.2248	810	303.2251		
57			1297	307.3051	2449	307.3048	1084	307.3048		
58			160	223.1443	463	223.1451	144	223.1442	160	223.1447
59			23	86.0601	43	86.0599	30	86.0600		
60			659	851.4319	1193	851.4355	587	851.4339		
61			1191	688.5195	2343	688.5215	997	688.5226	748	688.5226
62			156	476.3077	518	476.3075	140	476.3077	86	476.3069
63			896	311.1645	1805	311.1648	778	311.1643		
64	39	480.1587	1264	480.1567	2406	480.1580				
65			277	631.3084	685	631.2996	253	631.3057		
66			1745	342.3730	3606	342.3739	1449	342.3726		
67			335	573.3762	344	573.3697	309	573.3755		
68			1205	557.4455	2359	557.4459	1004	557.4453		
69	116	779.6612	1490	779.6599					965	779.6618
70	126	716.5662	1496	716.5672	2974	716.5680	1229	716.5675	875	716.5672
71			674	849.4185	1287	849.4142	597	849.4178		
72			465	695.3117	851	695.3134	409	695.3107		
73			1707	686.2025	3519	686.2027	1425	686.2029		
74			441	779.3782	861	779.3755	414	779.3749		
75			1100	338.2144	2235	338.2152	943	338.2157	638	338.2168
76			718	171.1498	1343	171.1496	641	171.1488		
77	205	794.7267	1619	794.7226	3326	794.7265	1387	794.7251	992	794.7246
78	140	742.5829	1514	742.5820			1244	742.5821	885	742.5833
79			807	187.1263	1629	187.1264	700	187.1258		
80			1754	833.2402	3634	833.2400	1458	833.2398		
81			668	365.1716			422	365.1707	83	365.1695
82			1664	665.4604	3454	665.4621	1396	665.4606	1009	665.4608
83	120	703.2160	1479	703.2173	2933	703.2170	1212	703.2134		
84			539	836.4133	1009	836.4166	503	836.4150		
85			974	406.2136	1949	406.2139	848	406.2140		
86			1254	460.3331	2400	460.3345	1035	460.3334		
87			1468	798.5879	2895	798.5873	1202	798.5853	844	798.5878
88	14	157.0171	7	157.0172	15	157.0173				
89			1616	659.5281	3301	659.5283	1383	659.5322		
90	170	732.5902	1555	732.5889	3125	732.5917	1280	732.5892	911	732.5926
91			1677	681.4829	3440	681.4839	1404	681.4830	1011	681.4841
92			998	476.9784	2008	476.9779	861	476.9778	342	476.9733
93			632	894.4542	1169	894.4572	576	894.4542		
94			342	614.4004	1096	614.4119	248	614.4049		
95			829	467.3093	840	467.3045	716	467.3098		
96	196	554.5159	1611	554.5156	3257	554.5162	1349	554.5135	964	554.5139
97			652	366.1729			423	366.1753	84	366.1728
98			1181	374.2484	2330	374.2491	973	374.2491		
99			848	279.0940	1733	279.0942	733	279.0931		
100			1300	355.2803	2453	355.2821	1077	355.2818		
101	19	221.1524	19	221.1537	3	221.1539			15	221.1530
102			253	392.2656	643	392.2653	172	392.2662		
103			1092	280.1624	2226	280.1628	939	280.1623	632	280.1624
104			816	500.3795	1665	500.3796	709	500.3802		
105			943	433.2424	1894	433.2422	816	433.2416		
106	125	338.3429	1491	338.3412	2968	338.3418	1223	338.3416	870	338.3417
107			64	301.2059	158	301.2062	66	301.2046		
108			1392	444.3805			1150	444.3786	794	444.3800
109			1603	589.4636	3249	589.4591	1346	589.4609		
110			534	680.4409	973	680.4434	499	680.4444		
111			734	369.2181	245	369.2170	653	369.2188		
112			1666	682.4877	3456	682.4877	1405	682.4876		
113			1132	590.4275	2266	590.4283	956	590.4289		
114			145	322.2128	468	322.2131	132	322.2124		
115			139	616.2791	811	616.2841	406	616.2747		
116			484	647.3326	932	647.3334	431	647.3334		
117			518	968.4570	941	968.4587	479	968.4596		
118			300	411.7628	645	411.7615	215	411.7605		
119			1234	365.2673	2382	365.2672	1022	365.2672		
120			1044	616.4634	2123	616.4645	898	616.4642		
121			87	420.1357	290	420.1340	107	420.1340		
122			950	488.3020	1887	488.3007	825	488.3019		
123			1612	504.4622	3295	504.4637	1355	504.4627		
124			193	352.2423	726	352.2390	170	352.2429		
125			960	453.1684	1897	453.1672	819	453.1682		
126	211	537.1677	1625	537.1666	3330	537.1668				
127			682	806.4024	1282	806.4042	614	806.4009		
128			1692	534.4427	3485	534.4424	1416	534.4426		
129	169	731.5853	1554	731.5864	3124	731.5866	1279	731.5857	910	731.5867
130			276	630.3020	684	630.3024	252	630.3009		
131			912	290.2229	1834	290.2233	790	290.2232		
132			801	163.0753	1628	163.0761	699	163.0755		
133			744	821.4223	1445	821.4215	655	821.4206		
134			147	324.2188	469	324.2224	134	324.2183		
135			1076	343.1545	2160	343.1545	919	343.1540		
136	30	372.9452	27	372.9442			43	372.9437	43	372.9442
137	195	852.2527	1606	852.2524	3264	852.2566				
138			1352	315.2528	2566	315.2534	1125	315.2536		
139			1221	275.2582	2370	275.2584	1015	275.2580		
140	222	772.5959	1656	772.5934	3409	772.5944				
141	119	702.2147	1485	702.2149	2932	702.2140	1211	702.2156	859	702.2168
142			358	697.4445	767	697.4446	329	697.4451		
143			1278	483.4091	2430	483.4093	1053	483.4081		
144			597	984.4750	1109	984.4673	565	984.4761		
145			373	445.7853	795	445.7888	351	445.7860		
146			1706	685.2042	3518	685.2046	1424	685.2052		
147			1631	597.4934	3351	597.4921	1376	597.4929		
148			1184	733.5501	2334	733.5521	984	733.5520		
149	174	778.2345	1550	778.2329	3116	778.2325	1271	778.2313		
150			1753	832.2387	3633	832.2392	1457	832.2390		
151			613	659.3307	1157	659.3308	553	659.3357		
152			1748	588.5569	3615	588.5569	1451	588.5567		
153			1282	396.3595	2435	396.3607	1067	396.3607		
154			1456	393.2918	2880	393.2910	1196	393.2915	829	393.2917
155	164	776.2349	1548	776.2338	3114	776.2341	1269	776.2343	905	776.2322
156			109	398.2025	326	398.2025	88	398.2022		
157			45	252.1447	117	252.1468	48	252.1447		
158	20	158.9965	8	158.9964	11	158.9966	10	158.9964	13	158.9962
159			1463	435.3225	2887	435.3228	1200	435.3224	837	435.3204
160			818	578.3797	891	578.3719	707	578.3795		
161			1328	408.3686	2521	408.3686	1108	408.3680	778	408.3692
162			1717	686.5580	3490	686.5578	1426	686.5560		
163	168	730.5813	1553	730.5818	3123	730.5833	1278	730.5811	909	730.5835
164			1601	565.4339	3246	565.4330	1337	565.4335		
165	127	717.5708	1497	717.5717	2975	717.5728	1230	717.5701	869	717.5728
166			553	834.3986	1076	834.3986	528	834.4035		
167			127	432.2815	436	432.2817	125	432.2808	75	432.2812
168			311	454.2304	738	454.2295	353	454.2347		
169			561	234.1340	1020	234.1348	532	234.1331		
170			1545	639.4374	3101	639.4415	1266	639.4396		
171			1020	323.2116	2061	323.2127	882	323.2125		
172			854	355.2373	1756	355.2383	749	355.2376		
173			741	726.8661	1444	726.8661	667	726.8677		
174			107	388.2546	371	388.2545	87	388.2542	74	388.2550
175			1661	672.5404	3421	672.5432	1392	672.5417		
176			299	405.2697	644	405.2607	344	405.2676		
177			1704	656.5472	3511	656.5471	1419	656.5474		
178			683	807.4055	1283	807.4074	615	807.4052		
179	212	925.2718	1634	925.2707	3356	925.2733	1379	925.2708		
180			151	380.2662	1529	380.2651	137	380.2668		
181			701	998.4927	1237	998.4895	620	998.4975		
182	111	392.2879	1455	392.2870	2879	392.2874	1195	392.2876	828	392.2869
183			512	824.4108	864	824.4157	453	824.4062		
184			1665	666.4654	3455	666.4644	1403	666.4624		
185			1461	413.2671	2884	413.2672	1184	413.2658	833	413.2678
186			620	616.3180	1184	616.3203	583	616.3177		
187	57	554.1773	1374	554.1774	2612	554.1787	1139	554.1771	783	554.1785
188			1194	644.4942	2346	644.4951	994	644.4946	749	644.4947
189			1196	646.5011	2348	646.5020	996	646.5029		
190			1110	279.1587	2225	279.1593	938	279.1585	631	279.1589
191			1755	834.2383	3635	834.2384	1459	834.2390		
192			1334	364.3423	2546	364.3425	1115	364.3422		
193			1761	356.3887	3646	356.3889	1462	356.3888		
194					2823	425.3326	1173	425.3295	818	425.3299
195			1135	502.3740	2276	502.3755	957	502.3750		
196			1066	353.3096	2133	353.3107	909	353.3094		
197			12	371.1011	21	371.1012	20	371.1015	11	371.1024
198			531	623.2334	1000	623.2341	496	623.2298		
199			592	833.4140	1075	833.4124	547	833.4135		
200			669	614.3025	1274	614.3052	610	614.3027		
201			1249	461.3363	2393	461.3352	1036	461.3340		
202			1246	434.3168	2390	434.3162	1033	434.3164		
203			1253	421.3208	2389	421.3183	1032	421.3200		
204			880	340.2156	1778	340.2163	761	340.2153		
205			1574	993.7468	3175	993.7402	1313	993.7461		
206			1414	506.3415	2758	506.3419	1162	506.3418		
207			1494	675.6765	2973	675.6793	1228	675.6761		
208			564	692.3722	1064	692.3724	540	692.3711		
209			367	955.4483	722	955.4516	376	955.4469		
210			636	309.2273	1174	309.2275	580	309.2275		
211			780	878.4602	1582	878.4644	686	878.4641		
212			1189	433.3050	2332	433.3053	975	433.3045		
213			675	891.4556	1263	891.4539	602	891.4565		
214			80	327.2006	272	327.2033	68	327.2020		
215			1256	412.3907	2399	412.3894	1042	412.3910		
216			1093	281.1658	2216	281.1652			626	281.1648
217	8	388.1296	16	388.1282	23	388.1291	13	388.1284	9	388.1283
218			941	415.2119	1890	415.2120	813	415.2115		
219			1739	760.2201	3590	760.2217	1445	760.2199		
220			1399	450.3788	2712	450.3801	1154	450.3806		
221	86	628.1960	1417	628.1947	2770	628.1970	1166	628.1962	805	628.1964
222			1269	570.4594	2419	570.4588	1057	570.4581		
223			913	291.2265	1835	291.2267	787	291.2257		
224			1617	698.4990	3303	698.4998	1356	698.4981		
225	161	634.3122	1568	634.3136			1293	634.3118	902	634.3132
226			183	237.1591	569	237.1697	340	237.1600		
227			1000	357.1699	2015	357.1707	865	357.1698		
228			259	494.8155	743	494.8147	224	494.8146		
229	190	531.4077	1596	531.4075	3242	531.4069	1339	531.4066	957	531.4080
230			946	460.2694	1899	460.2696	829	460.2699	231	460.2787
231	28	258.9451	32	258.9439	58	258.9443	36	258.9440	36	258.9442
232			351	670.4324	816	670.4322	324	670.4318		
233			1687	515.4133	3481	515.4132	1412	515.4130		
234			1663	664.4568	3453	664.4576	1402	664.4568	1008	664.4570
235			789	465.2958	1205	465.2948	688	465.2943		
236			1230	382.3431	2298	382.3440	966	382.3433		
237			603	658.3302	1120	658.3295	570	658.3305		
238			1054	528.4115	2128	528.4116	903	528.4103		
239			560	217.1073	1019	217.1076	531	217.1070		
240			134	575.2751	442	575.2762	128	575.2759		
241			1175	820.5996	2314	820.6017	977	820.6007		
242			1699	314.3419	3514	314.3417	1420	314.3424		
243			244	765.3601	631	765.3623	200	765.3617		
244			1738	759.2214	3589	759.2228	1444	759.2216		
245			949	475.2710	1904	475.2716	823	475.2700		
246			754	687.4288	1004	687.4307	668	687.4329		
247			413	828.5218	866	828.5172	375	828.5217		
248			216	383.7473	585	383.7470	211	383.7465		
249			348	668.4230	762	668.4212	323	668.4230		
250	110	391.2848	1454	391.2833	2878	391.2833	1194	391.2835	827	391.2828
251			593	835.4149	1077	835.4062	517	835.4040		
252			110	400.2095	327	400.2099	90	400.2069		
253			507	645.3219	1003	645.3171	470	645.3209		
254			1247	435.3198	2391	435.3202	1034	435.3199		
255			268	588.2869	674	588.2880	238	588.2867		
256					63	214.9543	40	214.9539	33	214.9539
257			614	662.3486	1121	662.3514	554	662.3509		
258	193	850.2528	1604	850.2535	3262	850.2512	1348	850.2515	963	850.2519
259			1361	585.4774	2596	585.4783	1134	585.4779		
260			855	356.2416	1757	356.2422	750	356.2412		
261			341	612.3836	757	612.3763	315	612.3819		
262	171	733.5959	1556	733.5914			1281	733.5910		
263			527	603.3065	995	603.3064	491	603.3060		
264			1450	803.5389	2898	803.5448	1205	803.5467	848	803.5423
265			1464	436.3426	2888	436.3459	1186	436.3421	855	436.3422
266			989	258.1858	1970	258.1857	858	258.1857		
267			1728	328.3573	3569	328.3573	1435	328.3576		
268			258	467.8013	881	467.8030	298	467.7956		
269			1466	450.3412	2891	450.3413	1201	450.3402	840	450.3395
270			1730	670.5611	3574	670.5633	1432	670.5621		
271			1389	619.4263	2678	619.4273	1146	619.4256		
272			1008	395.1256	2020	395.1263	868	395.1264		
273	51	745.5673	1346	745.5660	2550	745.5664	1112	745.5658		
274			647	855.3871	1236	855.3819	589	855.3854		
275			598	130.1590	1142	130.1591	640	130.1586		
276			1520	420.3191	3057	420.3194	1250	420.3197		
277			236	637.2675	688	637.2719	192	637.2699		
278	209	536.1666	1624	536.1661	3329	536.1658				
279	184	874.5700	1567	874.5615	3160	874.5684	1310	874.5719	944	874.5755
280	64	600.4172	1378	600.4188			1143	600.4181		
281	229	684.2047	1705	684.2034	3517	684.2036	1423	684.2036	1014	684.2056
282			501	547.3157	339	547.3207	486	547.3157		
283			1506	327.2539	3025	327.2538	1238	327.2542		
284			1236	422.3187	2383	422.3186	1023	422.3179		
285			1340	848.6316	2542	848.6316	1119	848.6305		
286			1477	474.3797	2929	474.3819	1214	474.3809		
287	23	135.1017	20	135.1017			6	135.1009	21	135.1017
288					2869	451.3357	1188	451.3428	841	451.3468
289			658	804.3854	1338	804.3935	643	804.3862		
290			1721	662.5936	3544	662.5929	1429	662.5930	932	662.5955
291			1273	527.4360	2424	527.4361	1056	527.4353		
292			173	477.3134	519	477.3128	158	477.3123	87	477.3111
293			382	532.2979	843	532.3000	384	532.2973		
294			828	466.3072	1145	466.3155	722	466.3068		
295			355	689.4007	818	689.3993	327	689.4029		
296	136	575.3464			3037	575.3514	1232	575.3479	880	575.3469
297	227	998.2932	1671	998.2879	3446	998.2913				
298			1676	680.4785	3439	680.4793	1397	680.4795	1010	680.4812
299			215	368.2689	1296	368.2640	691	368.2657		
300			781	922.4858	1495	922.4869	671	922.4863		
301	5	372.1033	13	372.1024	26	372.1034				
302			1090	150.0274	2214	150.0277	936	150.0271	622	150.0273
303			447	823.4039	827	823.4025	394	823.4027		
304			69	212.1480	236	212.1484	82	212.1470		
305			596	983.4757	1141	983.4803	551	983.4775		
306			494	898.4533	1051	898.4563	454	898.4471		
307	187	930.5688			3224	930.5630			971	930.5696
308			1469	799.5941	2896	799.5919	1203	799.5895	845	799.5924
309			994	313.2278	1997	313.2288	860	313.2282		
310			43	195.1227	82	195.1229	46	195.1225		
311	150	765.6436	1532	765.6425	2989	765.6451				
312			383	533.2983	746	533.2975	385	533.3005		
313			1543	434.3355	3107	434.3336	1265	434.3361		
314			572	792.3870	1070	792.3872	525	792.3869		
315	153	738.6223	1540	738.6234	3014	738.6252				
316			1288	333.3004	2450	333.3001	1074	333.3002		
317	223	380.3373	1654	380.3372					1006	380.3371
318			963	846.4448	1907	846.4432	838	846.4432		
319			562	470.2606	1056	470.2609	535	470.2597		
320			1244	393.2911	2387	393.2916	1030	393.2922		
321			293	348.2282	639	348.2288	342	348.2289		
322	56	752.5232	1251	752.5240	2403	752.5252	1038	752.5247		
323			1675	663.4522	3452	663.4534	1395	663.4523	1007	663.4542
324			301	412.2184	732	412.2188	346	412.2180		
325			1444	372.3191	2866	372.3161	1182	372.3216		
326			162	311.2081	571	311.2070	131	311.2078		
327			1079	360.1808	2162	360.1814	921	360.1807		
328			223	545.3537	559	545.3532	182	545.3531		
329	225	611.1861	1658	611.1857	3426	611.1851	1390	611.1883		
330			1680	563.4684	3464	563.4674	1406	563.4679		
331			346	653.4110	691	653.4146	321	653.4048		
332			817	577.3748	1654	577.3769	710	577.3763		
333			1111	296.1854	2227	296.1895			633	296.1859
334			296	390.2454	642	390.2496	213	390.2442		
335			878	357.2526	1791	357.2541	773	357.2509		
336			1242	377.2669	2398	377.2669	1028	377.2669		
337			369	363.2405	789	363.2400	343	363.2396		
338			1358	629.5039	2581	629.5052	1130	629.5030		
339			177	521.3378	556	521.3376	163	521.3403		
340	15	226.0972			28	226.0972	26	226.0974		
341			443	783.3298	900	783.3273	416	783.3279		
342			455	582.3678	750	582.3703	426	582.3698		
343			246	767.4878	716	767.4942	274	767.4907		
344			415	866.4220	870	866.4286	419	866.4366		
345			1691	533.4428	3484	533.4436	1415	533.4432		
346			1472	279.1603	2875	279.1593	1193	279.1600	824	279.1591
347			1099	337.2129	2234	337.2134	942	337.2123	637	337.2130
348			760	732.4019	1499	732.4035	670	732.4080		
349			302	413.2222	646	413.2231	347	413.2210		
350			1741	762.2204	3592	762.2210	1447	762.2207		
351			186	281.1967	723	281.1967	148	281.1973		
352	226	612.1839	1659	612.1835	3418	612.1839	1391	612.1842		
353			1470	800.5941	2897	800.5948	1204	800.5951	846	800.5961
354			1277	482.4052	2429	482.4058	1073	482.4053		
355			266	558.8656	670	558.8622	308	558.8617		
356			1075	399.2507	2147	399.2511	915	399.2514		
357			1056	572.4375	2121	572.4381	905	572.4381		
358			114	442.2296	386	442.2289	109	442.2297		
359			646	852.4368	1235	852.4324	599	852.4361		
360			1401	363.2537	2731	363.2533	1157	363.2538		
361			1602	566.4329	3247	566.4333	1345	566.4289		
362			1750	646.5980	3624	646.5986	1453	646.5952		
363			1096	321.1670	2229	321.1677	941	321.1661		
364			315	461.2758	653	461.2758	354	461.2751		
365			265	550.8533	668	550.8464	231	550.8489		
366			325	501.3159	222	501.3113	302	501.3134		
367			1072	485.3888	2127	485.3886	902	485.3887		
368			282	664.3427	695	664.3379	264	664.3403		
369			571	748.3965	1101	748.4021	524	748.3984		
370			70	233.1268	315	233.1275	83	233.1275		
371			520	155.1548	943	155.1543	593	155.1543		
372			327	522.8283	662	522.8346	229	522.8304		
373			72	270.1998	267	270.1899	73	270.2014		
374			996	474.9802	2007	474.9812	862	474.9812	359	474.9812
375			386	568.3502	807	568.3485	364	568.3510		
376			272	593.2440	677	593.2438	240	593.2436		
377			1544	638.4350	3121	638.4339	1263	638.4380		
378			642	701.3709	1191	701.3721	595	701.3724		
379	215	926.2704	1635	926.2701	3357	926.2711	1380	926.2671		
380			1445	388.3424	2867	388.3431	1183	388.3432	876	388.3417
381			1448	437.3406	2889	437.3488			838	437.3470
382			1108	149.0233	2223	149.0235	935	149.0231	625	149.0232
383			483	646.3296	931	646.3296	430	646.3278		
384			401	684.4439	765	684.4446	325	684.4446		
385			1682	580.4932	3466	580.4947	1408	580.4948		
386			1078	344.1582	2161	344.1586	920	344.1576		
387			206	564.3602	597	564.3598	186	564.3600	93	564.3611
388			491	688.3520	935	688.3479	445	688.3465		
389			1457	394.2924	2881	394.2939	1197	394.2983	854	394.2926
390			432	679.4198	764	679.4193	369	679.4177		
391			517	912.4655	982	912.4706	478	912.4655		
392			1284	435.3798	2437	435.3819	1069	435.3805		
393			255	439.7835	649	439.7859	219	439.7827		
394			475	251.1849	907	251.1858	457	251.1852		
395			376	500.8166	800	500.8139	301	500.8154		
396			405	740.4646	821	740.4673	373	740.4693		
397			732	384.2958	1395	384.2962	645	384.2972		
398			1637	996.7757	3359	996.7749	1381	996.7698		
399			197	434.2861	542	434.2843	153	434.2850		
400			1733	574.5407	3584	574.5415	1438	574.5401		
401			234	617.4078	443	617.3964	250	617.4049		
402			1010	402.2287	2022	402.2289	877	402.2286		
403	194	851.2555	1605	851.2499	3263	851.2537	1350	851.2582		
404			1582	444.4052	3133	444.4046	1330	444.4053		
405	26	316.9864	30	316.9864					30	316.9857
406			274	622.3603	349	622.3662	191	622.3566		
407			130	449.2784	388	449.2797	111	449.2769		
408			1183	732.5462	2333	732.5486	983	732.5468		
409			142	750.3368	415	750.3462	116	750.3383		
410			587	704.3717	1124	704.3705	541	704.3716		
411			189	335.2166	576	335.2178	168	335.2167		
412			75	345.2318	278	345.2323	75	345.2310		
413			497	285.1334	910	285.1339	458	285.1330		
414			449	854.4270	869	854.4289	396	854.4218		
415			1335	365.3460	2532	365.3457	1116	365.3457		
416			961	473.2647	1902	473.2646	831	473.2642		
417	31	414.9548	31	414.9551			44	414.9546	44	414.9545
418			547	514.2863	1026	514.2876	483	514.2877		
419			699	996.4871	1318	996.4888	618	996.4870		
420			959	447.1997	1883	447.1995			253	447.1980
421			336	574.3806	671	574.3823	310	574.3782		
422			1327	391.3421	2520	391.3419	1117	391.3427		
423			333	558.3627	309	558.3493	233	558.3551		
424			935	245.1727	1871	245.1732	809	245.1731		
425			1449	464.3687	2892	464.3675			856	464.3774
426	213	927.2685	1636	927.2695	3358	927.2695				
427	141	743.5861	1515	743.5878	3043	743.5866	1245	743.5882		
428			1725	619.5730	3561	619.5711	1434	619.5706		
429			1562	670.4679	3156	670.4690	1294	670.4666		
430			954	658.3750	1889	658.3745	812	658.3786		
431			1057	573.4415	2122	573.4429	906	573.4431		
432			1105	574.3384	2222	574.3392			629	574.3400
433			1068	397.3355	2135	397.3363	911	397.3358		
434			641	661.3481	1186	661.3492	585	661.3478		
435			622	618.3272	1151	618.3261	568	618.3276		
436			824	455.3099	652	455.3087	714	455.3118		
437			1200	602.4760	2354	602.4759	1001	602.4760		
438			440	778.3727	860	778.3717	413	778.3726		
439			230	600.3779	607	600.3699	243	600.3773		
440			331	556.3504	748	556.3518	306	556.3502		
441			519	969.4633	942	969.4623	480	969.4582		
442			533	643.3301	1002	643.3294	498	643.3281		
443			1517	400.3499	3052	400.3511	1248	400.3503		
444			1308	390.2787	2460	390.2790	1090	390.2784	803	390.2712
445			729	906.4587	1408	906.4525	649	906.4607		
446			83	399.2064	286	399.2082	89	399.2063		
447	189	870.5991			3281	870.5987	1326	870.6013	975	870.5997
448			1267	658.5114	2410	658.5094	1044	658.5115		
449			1581	427.3786	3147	427.3790	1328	427.3773		
450			1460	408.3167	2883	408.3112	1198	408.3161	831	408.3107
451			965	246.1853	1932	246.1862	840	246.1853		
452			1573	992.7408	3174	992.7401	1312	992.7394		
453	151	766.6459	1533	766.6467	2994	766.6499				
454			1542	433.3325	3106	433.3324	1264	433.3307		
455			529	607.2587	996	607.2596	494	607.2593		
456			1101	363.2304			945	363.2296	639	363.2292
457			352	676.3365	700	676.3389	266	676.3430		
458			221	428.2165	291	428.2169	58	428.2150		
459			917	327.0096	1852	327.0093			439	327.0042
460			260	500.2715	1370	500.2810	300	500.2709		
461			1430	509.3609	2817	509.3623	1175	509.3615		
462			1294	415.2822	2446	415.2840	1068	415.2831		
463			557	877.4369	1012	877.4331	519	877.4373		
464			73	320.1993	269	320.1986	166	320.1970		
465			909	232.1691	1830	232.1699	789	232.1695		
466			490	679.3589	895	679.3597	441	679.3553		
467			237	655.4194	619	655.4201	260	655.4193		
468			181	225.1605	495	225.1591	146	225.1600		
469			204	544.3506	558	544.3513	181	544.3502		
470	117	802.6047	1474	802.6016	2913	802.5977	1207	802.6130		
471			540	837.4188	1046	837.4155	504	837.4184		
472			1192	689.5243	2344	689.5258	998	689.5242		
473			1744	633.5867	3597	633.5871	1442	633.5876		
474			269	589.2910	675	589.2906	239	589.2906		
475			1069	440.3582	2125	440.3589	912	440.3589		
476			1467	475.3517	2893	475.3541	1189	475.3540	842	475.3535
477			149	350.2081	579	350.2079	210	350.2036		
478	41	438.3797	1274	438.3782	2438	438.3787	1070	438.3782	761	438.3795
479			1061	308.2800	2113	308.2801	900	308.2794		
480			724	909.4747	1390	909.4719	639	909.4694		
481			1408	285.2990	2737	285.2976	1160	285.2984		
482			1187	403.2331	2337	403.2337	988	403.2323		
483			227	565.3641	598	565.3651	236	565.3637		
484			939	302.2228	1874	302.2231	806	302.2229		
485			1639	518.4779	3361	518.4789	1382	518.4793		
486			1453	261.1479	2873	261.1491	1192	261.1481	853	261.1486
487			360	708.3679	853	708.3627	330	708.3649		
488			1007	379.1523	2019	379.1530	867	379.1519		
489	173	777.2341	1549	777.2342	3115	777.2366	1270	777.2324		
490			1519	419.3150	3056	419.3157	1249	419.3154	886	419.3185
491			1268	702.5399	2412	702.5388	1043	702.5363		
492			77	211.1441	235	211.1443	81	211.1437		
493			616	882.4574	1131	882.4525	575	882.4535		
494			192	351.2397	580	351.2398	169	351.2400		
495			1025	266.1543	2066	266.1543	884	266.1540		
496			999	238.1163	2014	238.1164	863	238.1154		
497			122	342.2131	320	342.2111	135	342.2128		
498			1355	673.5305	2572	673.5304	1132	673.5305		
499			284	674.3297	699	674.3288	439	674.3382		
500			752	304.2022	911	304.2013	665	304.2021		
501			1065	352.3057	2132	352.3068	908	352.3061		
502			619	133.0645	1173	133.0648	579	133.0650		
503			1478	484.2957			1210	484.2938	863	484.2957
504			270	590.2944	604	590.2948	312	590.2949		
505			1272	526.4314	2423	526.4323	1055	526.4320		
506			958	432.2384	1893	432.2381	815	432.2381		
507			1593	592.5178	3233	592.5157	1338	592.5155		
508			424	504.3398	884	504.3378	383	504.3396		
509			1195	645.4986	2347	645.5010	995	645.4985		
510			886	329.1750	1802	329.1748	775	329.1748		
511			1584	448.3508	3195	448.3512	1318	448.3504		
512			1212	512.4150	2355	512.4158	1006	512.4162	753	512.4161
513			479	548.3659	888	548.3642	425	548.3650		
514			574	794.3976	1072	794.3948	544	794.3927		
515			769	254.1024	1513	254.1026	674	254.1027		
516			1561	578.4996	3152	578.4997	1285	578.5021		
517			1373	480.3904	2617	480.3896	1137	480.3904		
518			1004	358.1735	2016	358.1738	866	358.1736		
519			1270	571.4630	2420	571.4625	1058	571.4619		
520			1198	600.4677	2352	600.4687	999	600.4686	750	600.4702
521			278	632.3136	686	632.3134	254	632.3131		
522			1758	837.2399	3638	837.2397	1461	837.2410		
523			856	363.2190	1724	363.2211	726	363.2205		
524			1012	416.2261	2024	416.2265	871	416.2262		
525					2981	158.0132	1216	158.0122	867	158.0127
526			840	343.2382	1729	343.2386	730	343.2381		
527			1473	280.1619	2876	280.1619			820	280.1599
528			700	997.4916	1294	997.4947	619	997.4900		
529			288	728.4755	769	728.4661	271	728.4709		
530			1052	294.2059	2117	294.2069	899	294.2058		
531	210	768.7101	1632	768.7072			1388	768.7079	1001	768.7084
532			482	592.3917	892	592.3892	427	592.3911		
533			1564	800.5605			1322	800.5586	936	800.5645
534			140	618.2987	487	618.3026	129	618.2983		
535			1128	722.5071	2259	722.5059	953	722.5055		
536	118	803.6094	1476	803.6086			1208	803.6081		
537			1451	149.0238	2870	149.0232	1191	149.0232	821	149.0230
538			124	364.2242	321	364.2248	103	364.2234		
539			1329	409.3716	2522	409.3720	1109	409.3719		
540			1462	429.2414	2885	429.2412	1185	429.2413	835	429.2415
541			384	556.8537	806	556.8534	362	556.8502		
542			1082	402.2102	2158	402.2116	928	402.2110		
543			1055	529.4154	2120	529.4157	904	529.4150		
544			645	850.4287	1234	850.4285	598	850.4291		
545			1577	612.3689	3181	612.3686	1305	612.3691		
546			956	847.4472	1908	847.4508	827	847.4472		
547			551	736.3975	1041	736.3969	523	736.3973		
548			771	335.0446	1515	335.0441	675	335.0453		
549	70	625.5531	1382	625.5523			1128	625.5517		
550			1071	484.3848	2126	484.3853	901	484.3853		
551			607	926.4825	1138	926.4866	563	926.4811		
552			1204	556.4412	2358	556.4419	1003	556.4417	752	556.4426
553			1332	303.2904	2543	303.2898	1120	303.2899		
554	29	297.9916			33	297.9895	42	297.9914		
555			464	691.3598	936	691.3541	448	691.3591		
556			1732	676.6077	3579	676.6103	1439	676.6084		
557			806	688.4440	534	688.4518	696	688.4434		
558			1512	490.4032	3029	490.4015	1221	490.4006		
559			723	866.4492	1388	866.4567	638	866.4519		
560			871	219.1876	1774	219.1873	764	219.1869		
561			731	908.4715	1340	908.4704	650	908.4701		
562			1709	688.2002	3521	688.2027	1421	688.2055		
563			1439	814.6055	2859	814.6043	1325	814.5940	939	814.5995
564			1338	804.6055	2551	804.6088	1123	804.6047		
565			1681	564.4702	3465	564.4719	1407	564.4712		
566			228	594.2478	755	594.2530	241	594.2457		
567	58	555.1789	1375	555.1777	2613	555.1749	1140	555.1773		
568			243	764.3568	566	764.3569	199	764.3558		
569			1437	566.4081	2915	566.4130	1176	566.4101	900	566.4071
570			161	224.1480	464	224.1486	145	224.1486		
571			203	520.3341	555	520.3343	162	520.3345	89	520.3337
572			89	425.2074	382	425.2078	93	425.2111		
573			2	304.2490	19	304.2476	19	304.2484		
574			1613	606.5283	3297	606.5301	1358	606.5320		
575			670	741.3698	1278	741.3775	606	741.3704		
576			767	966.5121	1509	966.5144	677	966.5087		
577			123	344.1960	1243	344.1889	136	344.1951		
578			1167	336.2213	2218	336.2234	892	336.2212		
579			103	325.2233	835	325.2219	101	325.2235		
580			536	724.4732	979	724.4686	515	724.4710		
581			211	334.2130	575	334.2136	167	334.2128		
582			51	239.1491	132	239.1492	54	239.1486		
583			842	372.2644	1735	372.2654	737	372.2657		
584			1091	206.0890	2215	206.0894			620	206.0890
585			1149	362.2481	2287	362.2478	962	362.2481		
586			934	244.1695	1877	244.1698	808	244.1697		
587			900	433.1840	1797	433.1844			233	433.1844
588			323	497.2713	799	497.2720	357	497.2717		
589			242	677.3514	701	677.3451	368	677.3492		
590			695	811.3570	1284	811.3638	616	811.3591		
591			1427	508.3581	2816	508.3585	1174	508.3588		
592			1674	590.5370	3449	590.5371	1401	590.5349		
593			332	557.3547	669	557.3561	307	557.3543		
594			1422	424.3280	2835	424.3288	1171	424.3270	817	424.3266
595			343	615.2952	848	615.3006	249	615.2948		
596			1315	674.4640	2494	674.4626	1099	674.4628		
597			689	848.4207	1286	848.4197	609	848.4209		
598			1319	548.3021	2502	548.3022	1102	548.3021		
599			442	780.3823	862	780.3775	415	780.3815		
600			1215	407.3379	2367	407.3378	1011	407.3359		
601			1094	301.1417	2228	301.1415			627	301.1422
602			1756	835.2393	3636	835.2403	1460	835.2383		
603			1070	441.3616	2137	441.3622	913	441.3616		
604			1032	258.2431	2080	258.2430	889	258.2428		
605			621	617.3222	1150	617.3225	567	617.3220		
606			1199	601.4715	2353	601.4733	1000	601.4714		
607			1279	378.3297	2444	378.3320	1063	378.3317		
608	135	163.1325					1233	163.1329	862	163.1330
609			364	800.4771	719	800.4718	337	800.4698		
610			541	841.3665	1010	841.3659	506	841.3696		
611			1597	532.4114	3254	532.4116	1340	532.4106	958	532.4110
612			1342	320.3164	2555	320.3163	1121	320.3166		
613			344	629.3137	683	629.3137	251	629.3157		
614			608	982.4711	1140	982.4738	550	982.4727		
615			1678	722.5105	3441	722.5102	1399	722.5073		
616			235	633.3187	687	633.3165	255	633.3180		
617			423	502.2874	1248	502.2963	464	502.2914		
618			49	385.1905	123	385.1914	50	385.1916		
619			308	445.2820	735	445.2826	220	445.2821		
620			371	389.7480	792	389.7437	288	389.7471		
621			167	379.2441	728	379.2478	151	379.2429		
622			1621	562.5054	3334	562.5049	1372	562.5048		
623			232	608.3852	609	608.3860	246	608.3874		
624			1353	332.2800	2561	332.2798	1126	332.2805		
625			1235	398.2454			1041	398.2439	731	398.2403
626			191	347.2167	638	347.2160	209	347.2167		
627			1435	564.3973	2856	564.3967	1163	564.3937	879	564.3895
628			1347	760.5796	2558	760.5792	1124	760.5800		
629			1525	313.3292	3093	313.3295	1262	313.3301		
630			1109	205.0859	2224	205.0865	937	205.0859	619	205.0863
631			847	218.1538	1738	218.1543	741	218.1531		
632			948	474.2678	1903	474.2681	822	474.2683		
633			666	324.2382	1241	324.2388	603	324.2382		
634			357	696.4391	766	696.4393	370	696.4378		
635			1729	329.3606	3570	329.3605	1436	329.3608		
636			171	450.3094	548	450.3109	156	450.3082		
637			84	403.1585	328	403.1590	91	403.1584		
638			1262	447.3204	2416	447.3218	1048	447.3200		
639			1493	355.3684	2970	355.3693	1226	355.3684		
640			463	690.3563	896	690.3564	447	690.3555		
641			169	435.2883	511	435.2929	175	435.2877		
642			166	378.2400	501	378.2392	150	378.2398		
643			546	173.0803	1017	173.0795	530	173.0804		
644			1598	533.4112	3255	533.4109	1341	533.4110		
645			1281	395.3557	2434	395.3567	1066	395.3559		
646			1690	532.4383	3483	532.4386	1414	532.4387	1013	532.4400
647			576	797.3421	1104	797.3522	527	797.3428		
648			1190	461.2868	2339	461.2862	992	461.2859		
649			1310	448.3336	2461	448.3352	1092	448.3324		
650			673	808.4113	1259	808.4085	604	808.4122		
651			1591	490.4496	3231	490.4477	1335	490.4499		
652			1238	230.1533	2396	230.1538	1026	230.1543		
653			1330	282.2796	2528	282.2794	1113	282.2790		
654			469	722.3795	898	722.3827	411	722.3802		
655			1241	376.2632	2397	376.2629	1027	376.2626		
656			213	346.2136	637	346.2139	208	346.2132		
657			514	881.4444	1015	881.4523	511	881.4396		
658			106	376.2256	324	376.2240	285	376.2235		
659			485	648.3400	971	648.3452	432	648.3370		
660			768	237.0769	1512	237.0777	673	237.0763		
661			1174	777.5773	2324	777.5792	985	777.5797		
662	186	816.5821	1560	816.5792			1308	816.5918		
663			1141	458.3487	2282	458.3491	959	458.3480		
664			1011	415.2232	2023	415.2235	870	415.2226		
665			1583	447.3471	3194	447.3474	1332	447.3480	947	447.3480
666			1126	678.4790	2258	678.4803	954	678.4804		
667			1232	292.2847	2371	292.2855	1016	292.2842		
668			303	414.2276	838	414.2335	348	414.2292		
669			1609	548.4891	3256	548.4910	1343	548.4909		
670			86	419.1339	288	419.1309	92	419.1322		
671			1724	618.5676	3560	618.5673	1433	618.5672		
672			1295	289.2742	2456	289.2742	1082	289.2735		
673			1521	421.3245	3058	421.3233	1251	421.3225		
674			172	475.2598	517	475.2617	127	475.2601		
675			1743	632.5824	3596	632.5837	1441	632.5825		
676			509	687.3562	975	687.3603	444	687.3566		
677			952	500.2845	1906	500.2863	839	500.2858		
678			1576	611.3661	3180	611.3644	1304	611.3653		
679			782	442.3385	1557	442.3371	684	442.3389		
680			681	762.4099	1256	762.4114	621	762.4128		
681			915	463.3332	1837	463.3339	791	463.3315		
682			1006	375.2000	2018	375.2019	876	375.2011		
683			152	381.2693	1530	381.2679	138	381.2668		
684			217	386.2390	180	386.2397	287	386.2372		
685	178	636.3172			2956	636.2985	1256	636.3076	877	636.3007
686			1571	756.5993	3187	756.5923	1315	756.5958		
687			99	267.1707	316	267.1706	99	267.1701		
688			1213	513.4194	2356	513.4206	1002	513.4196		
689			406	778.4881	774	778.4880	333	778.4875		
690			568	734.3785	981	734.3828	500	734.3822		
691			638	326.2548	1176	326.2539	581	326.2546		
692			1575	534.4764	3176	534.4736	1302	534.4742		
693			588	705.3757	1125	705.3745	542	705.3741		
694			66	338.2085	242	338.2183	71	338.2084		
695			742	748.8811	1422	748.8829	647	748.8739		
696			1036	327.0790	2096	327.0788			458	327.0781
697			1067	396.3319	2134	396.3331	910	396.3324		
698			945	459.2502	1898	459.2505	820	459.2491		
699			1615	658.5250	3300	658.5260	1359	658.5256		
700			340	605.8849	679	605.8872	313	605.8834		
701			133	574.2719	441	574.2716	112	574.2722		
702			984	790.3822	1960	790.3818	855	790.3811		
703			1003	237.1125	2013	237.1127	874	237.1122		
704			625	660.3448	1158	660.3455	571	660.3440		
705			506	644.3184	970	644.3180	469	644.3180		
706			1131	634.4531	2262	634.4546	955	634.4543		
707			98	266.1601	266	266.1613	122	266.1605		
708			554	838.4296	1047	838.4254	529	838.4266		
709			1182	375.2516	2336	375.2527	980	375.2520		
710			1042	390.2434	2108	390.2440	895	390.2424		
711			180	138.0914	494	138.0908	142	138.0914		
712			1176	821.6038	2326	821.6047	978	821.6022		
713	228	999.2915	1672	999.2906	3447	999.2921				
714			390	578.3317	258	578.3401	237	578.3377		
715			910	233.1730	1831	233.1736	786	233.1731		
716			1487	690.5514	2957	690.5531	1215	690.5514		
717	109	778.6575	1489	778.6576					895	778.6591
718			412	822.4005	863	822.4008	393	822.3987		
719			630	883.4581	1132	883.4568	590	883.4592		
720			709	719.8623	1335	719.8601	642	719.8598		
721			774	576.3629	404	576.3588	681	576.3639		
722			199	489.3085	592	489.3071	177	489.3083		
723			883	402.1631	1779	402.1637	763	402.1623		
724					3032	560.2919	1235	560.2925	878	560.2930
725			1742	763.2209	3593	763.2199	1448	763.2186		
726	33	256.9646	55	256.9647	146	256.9648				
727			264	550.3515	483	550.3438	230	550.3505		
728			36	98.0599	44	98.0598	37	98.0599		
729			542	878.4286	1013	878.4251	508	878.4349		
730			1285	443.3358	2441	443.3358	1072	443.3351		
731			877	346.2489	1789	346.2498	771	346.2488		
732			502	558.3125	922	558.3212	465	558.3105		
733			1349	716.5525	2564	716.5530	1127	716.5529		
734			1336	405.3691	2535	405.3698	1118	405.3694		
735			1165	864.6274	2316	864.6278	972	864.6262		
736			1578	628.3909	3182	628.3902	1314	628.3940		
737			841	344.2414	1734	344.2409	736	344.2422		
738			1171	432.3012	2331	432.3023	974	432.3008		
739			558	879.4296	1050	879.4349	509	879.4333		
740			310	453.2454	737	453.2466	352	453.2447		
741			461	678.3553	934	678.3571	440	678.3553		
742			852	352.2511	1746	352.2523	747	352.2519	232	352.2530
743			944	434.2452	1895	434.2450	817	434.2431		
744			1599	534.4110	3243	534.4125	1342	534.4094		
745			639	327.2570	1199	327.2575	582	327.2586		
746			1708	687.2034	3520	687.2030	1427	687.2015		
747			947	461.2708	1900	461.2759	821	461.2741		
748			1173	776.5731	2323	776.5750	976	776.5755		
749			208	602.4061	927	602.4145	189	602.4023		
750			1250	751.5200	2402	751.5191	1037	751.5193		
751			872	225.1957	1775	225.1960	766	225.1966		
752			1413	310.3109	2755	310.3110	1164	310.3104		
753			526	602.3023	963	602.3024	490	602.3021		
754			706	716.3705	1334	716.3727	634	716.3815		
755			398	667.4208	815	667.4208	322	667.4189		
756			1333	347.3162	2531	347.3164	1114	347.3163		
757			224	546.3550	440	546.3482	183	546.3562		
758			589	706.3716	1126	706.3862	556	706.3792		
759			1137	546.4008	2272	546.4004	958	546.3994		
760			1312	256.2632	2490	256.2635	1098	256.2630		
761			222	495.3198	658	495.3137	225	495.3164		
762			345	652.4132	690	652.4129	258	652.4145		
763	130	498.3468					1252	498.3470	887	498.3474
764	88	630.1959	1421	630.1950	2772	630.1962	1168	630.1941		
765			256	446.2853	736	446.2837	291	446.2850		
766			1740	761.2213	3591	761.2217	1446	761.2205		
767			488	651.2869	972	651.2856	471	651.2860		
768			1409	406.3526	2745	406.3542	1161	406.3535		
769			100	268.1742	358	268.1759	84	268.1734		
770	7	373.1003	5	373.1012			5	373.1003		
771			897	312.1677	1806	312.1686	779	312.1679		
772			71	269.1975	237	269.1962	85	269.1969		
773			1265	614.4849	2421	614.4834	1049	614.4868		
774			763	202.1229	1511	202.1221	672	202.1231		
775			628	702.3605	1164	702.3614	572	702.3594		
776			1720	560.5256	3542	560.5252	1430	560.5246		
777			942	416.2157	1891	416.2161	828	416.2138		
778			1014	441.2390	2025	441.2402	873	441.2386		
779			1432	494.4440	2839	494.4433	1179	494.4407		
780			1276	440.3847	2440	440.3860	1052	440.3857		
